tweet_id,match_id,timestamp,match_minute,team,text,event
1,R32-01,2026-06-28 16:00:19,0,Qatar,ref is robbing Qatar smh,
2,R32-01,2026-06-28 16:00:17,0,Argentina,halftime and Argentina still level,
3,R32-01,2026-06-28 16:00:48,0,Qatar,Qatar defense is rock solid,
4,R32-01,2026-06-28 16:00:37,0,Qatar,Qatar are so disappointing,
5,R32-01,2026-06-28 16:01:22,1,Argentina,"Argentina vs the world, lets see",
6,R32-01,2026-06-28 16:02:45,2,Qatar,Qatar looking unstoppable today,
7,R32-01,2026-06-28 16:03:04,3,Qatar,watching Qatar with the family,
8,R32-01,2026-06-28 16:04:00,4,Qatar,Qatar lineup just dropped,
9,R32-01,2026-06-28 16:04:10,4,Qatar,"Kevin Fernandes is on another level, Qatar fans happy",
10,R32-01,2026-06-28 16:04:06,4,Argentina,Marcel Silva carrying Argentina,
11,R32-01,2026-06-28 16:05:46,5,Argentina,Jamal Davies subbed on for Argentina,
12,R32-01,2026-06-28 16:05:47,5,Qatar,worst performance by Qatar in years,
13,R32-01,2026-06-28 16:06:54,6,Argentina,Argentina looking unstoppable today,
14,R32-01,2026-06-28 16:06:29,6,Qatar,"Qatar crashing out, embarrassing",
15,R32-01,2026-06-28 16:07:19,7,Qatar,"absolute scenes for Qatar, deserved win",
16,R32-01,2026-06-28 16:08:53,8,Argentina,Salem Davies subbed on for Argentina,
17,R32-01,2026-06-28 16:09:12,9,Qatar,What a goal by Qatar!! unreal,
18,R32-01,2026-06-28 16:09:12,9,Qatar,"Pedri Ayew missed an open goal, Qatar in trouble",
19,R32-01,2026-06-28 16:09:17,9,Argentina,watching Argentina with the family,
20,R32-01,2026-06-28 16:10:42,10,Argentina,Argentina defense is rock solid,goal
21,R32-01,2026-06-28 16:10:52,10,Argentina,Argentina defense is rock solid,goal
22,R32-01,2026-06-28 16:11:34,11,Argentina,"Bruno Rodriguez missed an open goal, Argentina in trouble",
23,R32-01,2026-06-28 16:12:42,12,Argentina,ref is robbing Argentina smh,
24,R32-01,2026-06-28 16:12:10,12,Qatar,Heung-min Caicedo carrying Qatar,
25,R32-01,2026-06-28 16:13:20,13,Argentina,Argentina are so disappointing,goal
26,R32-01,2026-06-28 16:13:19,13,Argentina,What a goal by Argentina!! unreal,goal
27,R32-01,2026-06-28 16:13:03,13,Qatar,terrible defending from Qatar,goal
28,R32-01,2026-06-28 16:13:25,13,Qatar,Qatar are so disappointing,goal
29,R32-01,2026-06-28 16:14:34,14,Argentina,halftime and Argentina still level,
30,R32-01,2026-06-28 16:15:28,15,Argentina,Argentina are so disappointing,
31,R32-01,2026-06-28 16:16:06,16,Qatar,"Kevin Rodriguez is on another level, Qatar fans happy",
32,R32-01,2026-06-28 16:16:16,16,Argentina,"Argentina vs the world, lets see",
33,R32-01,2026-06-28 16:16:48,16,Qatar,watching Qatar with the family,
34,R32-01,2026-06-28 16:16:32,16,Qatar,watching Qatar with the family,
35,R32-01,2026-06-28 16:17:29,17,Argentina,Ismaila Garcia carrying Argentina,
36,R32-01,2026-06-28 16:17:39,17,Qatar,Qatar lineup just dropped,
37,R32-01,2026-06-28 16:17:23,17,Argentina,James Rodriguez carrying Argentina,
38,R32-01,2026-06-28 16:17:25,17,Qatar,"send Mohammed Lozano home, Qatar deserved to lose",
39,R32-01,2026-06-28 16:18:21,18,Argentina,Argentina looking unstoppable today,
40,R32-01,2026-06-28 16:18:55,18,Qatar,ref is robbing Qatar smh,
41,R32-01,2026-06-28 16:18:52,18,Qatar,"absolute scenes for Qatar, deserved win",
42,R32-01,2026-06-28 16:18:58,18,Qatar,Qatar lineup just dropped,
43,R32-01,2026-06-28 16:19:11,19,Argentina,Argentina are so disappointing,
44,R32-01,2026-06-28 16:19:08,19,Argentina,anyone got a stream for Argentina?,
45,R32-01,2026-06-28 16:19:37,19,Qatar,ref is robbing Qatar smh,
46,R32-01,2026-06-28 16:19:22,19,Argentina,Argentina defense is rock solid,
47,R32-01,2026-06-28 16:20:57,20,Qatar,worst performance by Qatar in years,
48,R32-01,2026-06-28 16:20:22,20,Argentina,"send Darwin Nunez home, Argentina deserved to lose",
49,R32-01,2026-06-28 16:20:36,20,Argentina,watching Argentina with the family,
50,R32-01,2026-06-28 16:20:24,20,Argentina,anyone got a stream for Argentina?,
51,R32-01,2026-06-28 16:21:31,21,Qatar,Bruno Williams subbed on for Qatar,
52,R32-01,2026-06-28 16:21:07,21,Qatar,"Moises Junior is on another level, Qatar fans happy",
53,R32-01,2026-06-28 16:22:14,22,Argentina,terrible defending from Argentina,
54,R32-01,2026-06-28 16:22:59,22,Argentina,Argentina lineup just dropped,
55,R32-01,2026-06-28 16:22:31,22,Argentina,"Argentina vs the world, lets see",
56,R32-01,2026-06-28 16:23:07,23,Argentina,Argentina looking unstoppable today,
57,R32-01,2026-06-28 16:23:02,23,Argentina,anyone got a stream for Argentina?,
58,R32-01,2026-06-28 16:23:53,23,Argentina,Robert Pulisic carrying Argentina,
59,R32-01,2026-06-28 16:23:13,23,Argentina,ref is robbing Argentina smh,
60,R32-01,2026-06-28 16:24:29,24,Qatar,ref is robbing Qatar smh,
61,R32-01,2026-06-28 16:24:50,24,Argentina,ref is robbing Argentina smh,
62,R32-01,2026-06-28 16:24:59,24,Argentina,"send Christian Kubo home, Argentina deserved to lose",
63,R32-01,2026-06-28 16:25:09,25,Qatar,"Christian DeBruyne missed an open goal, Qatar in trouble",
64,R32-01,2026-06-28 16:26:35,26,Argentina,watching Argentina with the family,
65,R32-01,2026-06-28 16:27:46,27,Qatar,watching Qatar with the family,
66,R32-01,2026-06-28 16:27:47,27,Qatar,best team in the tournament Qatar no doubt,
67,R32-01,2026-06-28 16:28:48,28,Argentina,What a goal by Argentina!! unreal,
68,R32-01,2026-06-28 16:28:19,28,Argentina,halftime and Argentina still level,
69,R32-01,2026-06-28 16:28:00,28,Argentina,ref is robbing Argentina smh,
70,R32-01,2026-06-28 16:29:54,29,Argentina,"Argentina crashing out, embarrassing",
71,R32-01,2026-06-28 16:29:47,29,Argentina,Argentina lineup just dropped,
72,R32-01,2026-06-28 16:30:24,30,Qatar,watching Qatar with the family,
73,R32-01,2026-06-28 16:31:11,31,Qatar,"James Kudus is on another level, Qatar fans happy",
74,R32-01,2026-06-28 16:31:32,31,Qatar,halftime and Qatar still level,
75,R32-01,2026-06-28 16:31:39,31,Argentina,Argentina are so disappointing,
76,R32-01,2026-06-28 16:32:34,32,Argentina,worst performance by Argentina in years,
77,R32-01,2026-06-28 16:32:19,32,Qatar,ref is robbing Qatar smh,
78,R32-01,2026-06-28 16:32:34,32,Argentina,halftime and Argentina still level,
79,R32-01,2026-06-28 16:33:16,33,Argentina,Argentina lineup just dropped,
80,R32-01,2026-06-28 16:34:17,34,Argentina,Kylian AlDawsari subbed on for Argentina,
81,R32-01,2026-06-28 16:34:13,34,Argentina,"Cody Sarr is on another level, Argentina fans happy",
82,R32-01,2026-06-28 16:34:31,34,Argentina,Argentina defense is rock solid,
83,R32-01,2026-06-28 16:35:26,35,Argentina,What a goal by Argentina!! unreal,
84,R32-01,2026-06-28 16:35:28,35,Argentina,watching Argentina with the family,
85,R32-01,2026-06-28 16:36:41,36,Argentina,anyone got a stream for Argentina?,
86,R32-01,2026-06-28 16:36:32,36,Qatar,"send Hirving Xhaka home, Qatar deserved to lose",
87,R32-01,2026-06-28 16:36:34,36,Argentina,Argentina looking unstoppable today,
88,R32-01,2026-06-28 16:37:48,37,Qatar,"Qatar vs the world, lets see",
89,R32-01,2026-06-28 16:37:52,37,Argentina,"absolute scenes for Argentina, deserved win",
90,R32-01,2026-06-28 16:37:52,37,Argentina,Salem Lewandowski subbed on for Argentina,
91,R32-01,2026-06-28 16:37:20,37,Qatar,"Mathew Afif missed an open goal, Qatar in trouble",
92,R32-01,2026-06-28 16:38:17,38,Qatar,"Qatar crashing out, embarrassing",goal
93,R32-01,2026-06-28 16:39:33,39,Argentina,Argentina looking unstoppable today,
94,R32-01,2026-06-28 16:39:16,39,Argentina,best team in the tournament Argentina no doubt,
95,R32-01,2026-06-28 16:40:23,40,Qatar,terrible defending from Qatar,
96,R32-01,2026-06-28 16:40:29,40,Qatar,worst performance by Qatar in years,
97,R32-01,2026-06-28 16:40:09,40,Qatar,"absolute scenes for Qatar, deserved win",
98,R32-01,2026-06-28 16:41:23,41,Argentina,What a goal by Argentina!! unreal,
99,R32-01,2026-06-28 16:41:13,41,Argentina,terrible defending from Argentina,
100,R32-01,2026-06-28 16:42:01,42,Argentina,Argentina looking unstoppable today,
101,R32-01,2026-06-28 16:42:45,42,Argentina,"Hirving Ayew is on another level, Argentina fans happy",
102,R32-01,2026-06-28 16:42:42,42,Qatar,Mohammed Modric carrying Qatar,
103,R32-01,2026-06-28 16:43:44,43,Argentina,best team in the tournament Argentina no doubt,
104,R32-01,2026-06-28 16:43:39,43,Argentina,anyone got a stream for Argentina?,
105,R32-01,2026-06-28 16:43:36,43,Argentina,"Mathew Osimhen missed an open goal, Argentina in trouble",
106,R32-01,2026-06-28 16:43:55,43,Qatar,What a goal by Qatar!! unreal,
107,R32-01,2026-06-28 16:44:30,44,Qatar,best team in the tournament Qatar no doubt,
108,R32-01,2026-06-28 16:44:12,44,Qatar,best team in the tournament Qatar no doubt,
109,R32-01,2026-06-28 16:45:25,45,Qatar,"Qatar vs the world, lets see",
110,R32-01,2026-06-28 16:45:23,45,Qatar,"Qatar vs the world, lets see",
111,R32-01,2026-06-28 16:46:25,46,Qatar,What a goal by Qatar!! unreal,
112,R32-01,2026-06-28 16:46:24,46,Argentina,Granit Fernandes subbed on for Argentina,
113,R32-01,2026-06-28 16:46:43,46,Qatar,terrible defending from Qatar,
114,R32-01,2026-06-28 16:47:49,47,Qatar,watching Qatar with the family,
115,R32-01,2026-06-28 16:47:10,47,Qatar,"Christian Garcia is on another level, Qatar fans happy",
116,R32-01,2026-06-28 16:47:34,47,Qatar,terrible defending from Qatar,
117,R32-01,2026-06-28 16:48:30,48,Argentina,Argentina lineup just dropped,
118,R32-01,2026-06-28 16:48:27,48,Qatar,worst performance by Qatar in years,
119,R32-01,2026-06-28 16:48:59,48,Qatar,What a goal by Qatar!! unreal,
120,R32-01,2026-06-28 16:48:11,48,Qatar,halftime and Qatar still level,
121,R32-01,2026-06-28 16:49:03,49,Qatar,"send Darwin Junior home, Qatar deserved to lose",
122,R32-01,2026-06-28 16:50:45,50,Argentina,"Argentina crashing out, embarrassing",
123,R32-01,2026-06-28 16:50:52,50,Qatar,"Qatar vs the world, lets see",
124,R32-01,2026-06-28 16:50:00,50,Argentina,Argentina lineup just dropped,
125,R32-01,2026-06-28 16:50:31,50,Qatar,Qatar lineup just dropped,
126,R32-01,2026-06-28 16:51:13,51,Argentina,Argentina lineup just dropped,
127,R32-01,2026-06-28 16:52:44,52,Qatar,Qatar looking unstoppable today,
128,R32-01,2026-06-28 16:52:12,52,Qatar,Qatar lineup just dropped,
129,R32-01,2026-06-28 16:53:55,53,Qatar,watching Qatar with the family,
130,R32-01,2026-06-28 16:54:01,54,Qatar,"Hirving Xhaka missed an open goal, Qatar in trouble",
131,R32-01,2026-06-28 16:54:10,54,Argentina,best team in the tournament Argentina no doubt,
132,R32-01,2026-06-28 16:54:35,54,Argentina,terrible defending from Argentina,
133,R32-01,2026-06-28 16:55:10,55,Argentina,halftime and Argentina still level,
134,R32-01,2026-06-28 16:56:55,56,Qatar,"Nico Rodriguez missed an open goal, Qatar in trouble",
135,R32-01,2026-06-28 16:56:54,56,Argentina,Leo Kudus carrying Argentina,
136,R32-01,2026-06-28 16:56:38,56,Argentina,"Argentina crashing out, embarrassing",
137,R32-01,2026-06-28 16:56:00,56,Qatar,halftime and Qatar still level,
138,R32-01,2026-06-28 16:57:40,57,Qatar,best team in the tournament Qatar no doubt,
139,R32-01,2026-06-28 16:57:01,57,Argentina,"Argentina vs the world, lets see",
140,R32-01,2026-06-28 16:57:26,57,Argentina,"Argentina vs the world, lets see",
141,R32-01,2026-06-28 16:57:11,57,Qatar,Jamal Osimhen carrying Qatar,
142,R32-01,2026-06-28 16:58:05,58,Qatar,Qatar are so disappointing,
143,R32-01,2026-06-28 16:58:34,58,Qatar,terrible defending from Qatar,
144,R32-01,2026-06-28 16:58:09,58,Qatar,"Marcel Hojlund is on another level, Qatar fans happy",
145,R32-01,2026-06-28 16:58:15,58,Argentina,best team in the tournament Argentina no doubt,
146,R32-01,2026-06-28 16:59:23,59,Argentina,halftime and Argentina still level,
147,R32-01,2026-06-28 16:59:22,59,Argentina,Salem Lopez carrying Argentina,
148,R32-01,2026-06-28 16:59:25,59,Qatar,"Alphonso Gakpo is on another level, Qatar fans happy",
149,R32-01,2026-06-28 16:59:38,59,Argentina,What a goal by Argentina!! unreal,
150,R32-01,2026-06-28 17:00:52,60,Qatar,"Darwin Rodriguez is on another level, Qatar fans happy",
151,R32-01,2026-06-28 17:00:56,60,Argentina,Argentina looking unstoppable today,
152,R32-01,2026-06-28 17:01:13,61,Qatar,Akram Lozano carrying Qatar,
153,R32-01,2026-06-28 17:02:10,62,Qatar,"Akram Son missed an open goal, Qatar in trouble",
154,R32-01,2026-06-28 17:03:31,63,Qatar,"Qatar crashing out, embarrassing",
155,R32-01,2026-06-28 17:03:35,63,Qatar,Qatar lineup just dropped,
156,R32-01,2026-06-28 17:04:28,64,Argentina,"Victor Kudus missed an open goal, Argentina in trouble",
157,R32-01,2026-06-28 17:04:00,64,Argentina,Argentina looking unstoppable today,
158,R32-01,2026-06-28 17:04:36,64,Argentina,halftime and Argentina still level,
159,R32-01,2026-06-28 17:04:37,64,Argentina,Mohammed Hakimi subbed on for Argentina,
160,R32-01,2026-06-28 17:05:57,65,Qatar,Dusan Lopez subbed on for Qatar,
161,R32-01,2026-06-28 17:05:43,65,Argentina,anyone got a stream for Argentina?,
162,R32-01,2026-06-28 17:05:51,65,Qatar,Qatar defense is rock solid,
163,R32-01,2026-06-28 17:05:29,65,Qatar,What a goal by Qatar!! unreal,
164,R32-01,2026-06-28 17:06:49,66,Qatar,Jude Son subbed on for Qatar,
165,R32-01,2026-06-28 17:07:06,67,Qatar,"send James Rodriguez home, Qatar deserved to lose",
166,R32-01,2026-06-28 17:07:22,67,Qatar,Qatar lineup just dropped,
167,R32-01,2026-06-28 17:07:59,67,Argentina,Argentina lineup just dropped,
168,R32-01,2026-06-28 17:07:55,67,Argentina,Argentina looking unstoppable today,
169,R32-01,2026-06-28 17:08:30,68,Qatar,best team in the tournament Qatar no doubt,
170,R32-01,2026-06-28 17:08:17,68,Qatar,anyone got a stream for Qatar?,
171,R32-01,2026-06-28 17:09:53,69,Qatar,"Kevin Sabitzer missed an open goal, Qatar in trouble",
172,R32-01,2026-06-28 17:09:33,69,Qatar,worst performance by Qatar in years,
173,R32-01,2026-06-28 17:09:35,69,Argentina,watching Argentina with the family,
174,R32-01,2026-06-28 17:10:52,70,Argentina,terrible defending from Argentina,
175,R32-01,2026-06-28 17:10:20,70,Qatar,Dusan Afif subbed on for Qatar,
176,R32-01,2026-06-28 17:10:27,70,Argentina,terrible defending from Argentina,
177,R32-01,2026-06-28 17:11:59,71,Qatar,best team in the tournament Qatar no doubt,
178,R32-01,2026-06-28 17:11:08,71,Qatar,Qatar lineup just dropped,
179,R32-01,2026-06-28 17:12:25,72,Qatar,Qatar defense is rock solid,
180,R32-01,2026-06-28 17:12:13,72,Qatar,"Qatar vs the world, lets see",
181,R32-01,2026-06-28 17:12:36,72,Argentina,"Argentina crashing out, embarrassing",
182,R32-01,2026-06-28 17:13:47,73,Argentina,halftime and Argentina still level,
183,R32-01,2026-06-28 17:13:45,73,Qatar,"send Victor Gakpo home, Qatar deserved to lose",
184,R32-01,2026-06-28 17:14:39,74,Qatar,best team in the tournament Qatar no doubt,
185,R32-01,2026-06-28 17:14:24,74,Argentina,anyone got a stream for Argentina?,
186,R32-01,2026-06-28 17:15:09,75,Qatar,"James Garcia is on another level, Qatar fans happy",
187,R32-01,2026-06-28 17:15:11,75,Qatar,Qatar lineup just dropped,
188,R32-01,2026-06-28 17:15:33,75,Argentina,Jamal Pulisic subbed on for Argentina,
189,R32-01,2026-06-28 17:15:32,75,Argentina,terrible defending from Argentina,
190,R32-01,2026-06-28 17:16:46,76,Argentina,Argentina lineup just dropped,
191,R32-01,2026-06-28 17:16:04,76,Argentina,ref is robbing Argentina smh,
192,R32-01,2026-06-28 17:16:20,76,Argentina,Argentina lineup just dropped,
193,R32-01,2026-06-28 17:16:32,76,Qatar,halftime and Qatar still level,
194,R32-01,2026-06-28 17:17:21,77,Argentina,"Argentina vs the world, lets see",
195,R32-01,2026-06-28 17:17:29,77,Qatar,halftime and Qatar still level,
196,R32-01,2026-06-28 17:17:25,77,Qatar,"Qatar crashing out, embarrassing",
197,R32-01,2026-06-28 17:18:36,78,Qatar,anyone got a stream for Qatar?,
198,R32-01,2026-06-28 17:18:20,78,Argentina,"send Alphonso Osimhen home, Argentina deserved to lose",
199,R32-01,2026-06-28 17:18:23,78,Qatar,Pedri Junior carrying Qatar,
200,R32-01,2026-06-28 17:19:19,79,Qatar,Qatar lineup just dropped,
201,R32-01,2026-06-28 17:20:43,80,Qatar,worst performance by Qatar in years,
202,R32-01,2026-06-28 17:20:53,80,Qatar,anyone got a stream for Qatar?,
203,R32-01,2026-06-28 17:21:55,81,Qatar,Jude Garcia subbed on for Qatar,
204,R32-01,2026-06-28 17:22:02,82,Qatar,"Qatar crashing out, embarrassing",
205,R32-01,2026-06-28 17:22:32,82,Argentina,"Darwin Bellingham is on another level, Argentina fans happy",
206,R32-01,2026-06-28 17:22:22,82,Argentina,"absolute scenes for Argentina, deserved win",
207,R32-01,2026-06-28 17:22:47,82,Qatar,watching Qatar with the family,
208,R32-01,2026-06-28 17:23:41,83,Qatar,Pedri Lozano subbed on for Qatar,
209,R32-01,2026-06-28 17:23:29,83,Qatar,Takefusa Nunez subbed on for Qatar,
210,R32-01,2026-06-28 17:23:31,83,Qatar,Rasmus Lozano carrying Qatar,
211,R32-01,2026-06-28 17:23:45,83,Argentina,watching Argentina with the family,
212,R32-01,2026-06-28 17:24:35,84,Qatar,Qatar are so disappointing,
213,R32-01,2026-06-28 17:25:39,85,Qatar,"Takefusa AlDawsari is on another level, Qatar fans happy",
214,R32-01,2026-06-28 17:25:39,85,Argentina,Argentina looking unstoppable today,
215,R32-01,2026-06-28 17:26:08,86,Qatar,"absolute scenes for Qatar, deserved win",
216,R32-01,2026-06-28 17:26:48,86,Qatar,Kevin Davies subbed on for Qatar,
217,R32-01,2026-06-28 17:26:57,86,Argentina,"Kylian Caicedo missed an open goal, Argentina in trouble",
218,R32-01,2026-06-28 17:26:50,86,Argentina,"Marcel Xhaka is on another level, Argentina fans happy",
219,R32-01,2026-06-28 17:27:22,87,Argentina,terrible defending from Argentina,
220,R32-01,2026-06-28 17:27:02,87,Argentina,"Argentina vs the world, lets see",
221,R32-01,2026-06-28 17:27:08,87,Qatar,Achraf Lewandowski subbed on for Qatar,
222,R32-01,2026-06-28 17:27:05,87,Qatar,halftime and Qatar still level,
223,R32-01,2026-06-28 17:28:11,88,Argentina,Rasmus Junior carrying Argentina,
224,R32-01,2026-06-28 17:28:00,88,Qatar,"James Junior missed an open goal, Qatar in trouble",
225,R32-01,2026-06-28 17:28:09,88,Qatar,terrible defending from Qatar,
226,R32-01,2026-06-28 17:28:49,88,Qatar,Alphonso Ryan subbed on for Qatar,
227,R32-01,2026-06-28 17:29:15,89,Argentina,ref is robbing Argentina smh,
228,R32-01,2026-06-28 17:30:57,90,Argentina,terrible defending from Argentina,
229,R32-01,2026-06-28 17:30:35,90,Qatar,"absolute scenes for Qatar, deserved win",
230,R32-01,2026-06-28 17:31:44,91,Qatar,watching Qatar with the family,
231,R32-01,2026-06-28 17:31:13,91,Qatar,"absolute scenes for Qatar, deserved win",
232,R32-01,2026-06-28 17:31:51,91,Qatar,Qatar defense is rock solid,
233,R32-01,2026-06-28 17:31:38,91,Argentina,"Mathew Musiala missed an open goal, Argentina in trouble",
234,R32-01,2026-06-28 17:32:40,92,Argentina,Argentina lineup just dropped,
235,R32-01,2026-06-28 17:32:52,92,Qatar,halftime and Qatar still level,
236,R32-01,2026-06-28 17:32:30,92,Argentina,worst performance by Argentina in years,
237,R32-01,2026-06-28 17:33:05,93,Qatar,ref is robbing Qatar smh,
238,R32-01,2026-06-28 17:33:32,93,Argentina,Argentina lineup just dropped,
239,R32-01,2026-06-28 17:33:55,93,Argentina,Argentina looking unstoppable today,
240,R32-01,2026-06-28 17:33:37,93,Qatar,Qatar lineup just dropped,
241,R32-01,2026-06-28 17:34:21,94,Qatar,watching Qatar with the family,
242,R32-02,2026-06-28 20:00:19,0,France,anyone got a stream for France?,
243,R32-02,2026-06-28 20:01:03,1,Saudi Arabia,"Bruno Lozano is on another level, Saudi Arabia fans happy",
244,R32-02,2026-06-28 20:02:58,2,France,France are so disappointing,
245,R32-02,2026-06-28 20:03:19,3,Saudi Arabia,Saudi Arabia lineup just dropped,
246,R32-02,2026-06-28 20:03:36,3,France,"send Christian AlDawsari home, France deserved to lose",
247,R32-02,2026-06-28 20:04:10,4,Saudi Arabia,"absolute scenes for Saudi Arabia, deserved win",
248,R32-02,2026-06-28 20:04:11,4,Saudi Arabia,halftime and Saudi Arabia still level,
249,R32-02,2026-06-28 20:04:19,4,France,"Achraf Williams is on another level, France fans happy",
250,R32-02,2026-06-28 20:04:09,4,Saudi Arabia,Saudi Arabia lineup just dropped,
251,R32-02,2026-06-28 20:05:22,5,Saudi Arabia,"Darwin DeBruyne is on another level, Saudi Arabia fans happy",goal
252,R32-02,2026-06-28 20:05:12,5,Saudi Arabia,"Leo Osimhen is on another level, Saudi Arabia fans happy",goal
253,R32-02,2026-06-28 20:05:07,5,France,worst performance by France in years,goal
254,R32-02,2026-06-28 20:06:02,6,Saudi Arabia,Mohammed Lewandowski carrying Saudi Arabia,
255,R32-02,2026-06-28 20:06:08,6,Saudi Arabia,Achraf Pulisic carrying Saudi Arabia,
256,R32-02,2026-06-28 20:07:41,7,Saudi Arabia,"Victor Fernandes is on another level, Saudi Arabia fans happy",
257,R32-02,2026-06-28 20:07:12,7,France,"absolute scenes for France, deserved win",
258,R32-02,2026-06-28 20:07:10,7,Saudi Arabia,What a goal by Saudi Arabia!! unreal,
259,R32-02,2026-06-28 20:07:09,7,Saudi Arabia,ref is robbing Saudi Arabia smh,
260,R32-02,2026-06-28 20:08:56,8,Saudi Arabia,"Takefusa Lewandowski is on another level, Saudi Arabia fans happy",
261,R32-02,2026-06-28 20:08:18,8,France,What a goal by France!! unreal,
262,R32-02,2026-06-28 20:08:41,8,Saudi Arabia,Saudi Arabia lineup just dropped,
263,R32-02,2026-06-28 20:08:22,8,Saudi Arabia,Darwin DeBruyne carrying Saudi Arabia,
264,R32-02,2026-06-28 20:09:07,9,France,Heung-min Junior subbed on for France,
265,R32-02,2026-06-28 20:09:16,9,France,France looking unstoppable today,
266,R32-02,2026-06-28 20:10:03,10,France,halftime and France still level,
267,R32-02,2026-06-28 20:10:42,10,Saudi Arabia,halftime and Saudi Arabia still level,
268,R32-02,2026-06-28 20:10:00,10,Saudi Arabia,best team in the tournament Saudi Arabia no doubt,
269,R32-02,2026-06-28 20:11:59,11,France,What a goal by France!! unreal,
270,R32-02,2026-06-28 20:11:56,11,Saudi Arabia,Saudi Arabia lineup just dropped,
271,R32-02,2026-06-28 20:11:41,11,Saudi Arabia,"Mohammed Gakpo is on another level, Saudi Arabia fans happy",
272,R32-02,2026-06-28 20:11:52,11,France,France are so disappointing,
273,R32-02,2026-06-28 20:12:37,12,France,halftime and France still level,
274,R32-02,2026-06-28 20:12:22,12,France,"absolute scenes for France, deserved win",
275,R32-02,2026-06-28 20:13:53,13,Saudi Arabia,"Cody Lozano missed an open goal, Saudi Arabia in trouble",
276,R32-02,2026-06-28 20:13:11,13,France,watching France with the family,
277,R32-02,2026-06-28 20:14:20,14,France,France defense is rock solid,
278,R32-02,2026-06-28 20:14:07,14,France,What a goal by France!! unreal,
279,R32-02,2026-06-28 20:14:07,14,France,"absolute scenes for France, deserved win",
280,R32-02,2026-06-28 20:14:34,14,Saudi Arabia,Saudi Arabia defense is rock solid,
281,R32-02,2026-06-28 20:15:30,15,France,watching France with the family,
282,R32-02,2026-06-28 20:15:05,15,France,Rasmus Kubo subbed on for France,
283,R32-02,2026-06-28 20:15:41,15,Saudi Arabia,"Salem Junior missed an open goal, Saudi Arabia in trouble",
284,R32-02,2026-06-28 20:16:12,16,Saudi Arabia,Takefusa Lewandowski subbed on for Saudi Arabia,
285,R32-02,2026-06-28 20:16:44,16,France,"send Mohammed Lewandowski home, France deserved to lose",
286,R32-02,2026-06-28 20:16:57,16,Saudi Arabia,watching Saudi Arabia with the family,
287,R32-02,2026-06-28 20:17:20,17,Saudi Arabia,"Saudi Arabia vs the world, lets see",
288,R32-02,2026-06-28 20:17:15,17,Saudi Arabia,"Darwin Ryan missed an open goal, Saudi Arabia in trouble",
289,R32-02,2026-06-28 20:17:55,17,France,watching France with the family,
290,R32-02,2026-06-28 20:18:29,18,Saudi Arabia,"James Ryan is on another level, Saudi Arabia fans happy",goal
291,R32-02,2026-06-28 20:18:58,18,Saudi Arabia,Saudi Arabia looking unstoppable today,goal
292,R32-02,2026-06-28 20:18:32,18,France,France are so disappointing,goal
293,R32-02,2026-06-28 20:18:19,18,France,best team in the tournament France no doubt,goal
294,R32-02,2026-06-28 20:19:53,19,Saudi Arabia,"absolute scenes for Saudi Arabia, deserved win",
295,R32-02,2026-06-28 20:20:19,20,France,France defense is rock solid,
296,R32-02,2026-06-28 20:20:28,20,Saudi Arabia,worst performance by Saudi Arabia in years,
297,R32-02,2026-06-28 20:20:26,20,France,France defense is rock solid,
298,R32-02,2026-06-28 20:21:16,21,France,France are so disappointing,
299,R32-02,2026-06-28 20:22:18,22,Saudi Arabia,What a goal by Saudi Arabia!! unreal,
300,R32-02,2026-06-28 20:22:14,22,Saudi Arabia,What a goal by Saudi Arabia!! unreal,
301,R32-02,2026-06-28 20:22:41,22,Saudi Arabia,What a goal by Saudi Arabia!! unreal,
302,R32-02,2026-06-28 20:23:38,23,Saudi Arabia,Saudi Arabia are so disappointing,
303,R32-02,2026-06-28 20:24:30,24,France,"send Salem Ryan home, France deserved to lose",
304,R32-02,2026-06-28 20:24:47,24,Saudi Arabia,"Alphonso Caicedo missed an open goal, Saudi Arabia in trouble",
305,R32-02,2026-06-28 20:24:43,24,France,"France crashing out, embarrassing",
306,R32-02,2026-06-28 20:25:40,25,France,ref is robbing France smh,
307,R32-02,2026-06-28 20:25:00,25,Saudi Arabia,"send Hirving Gakpo home, Saudi Arabia deserved to lose",
308,R32-02,2026-06-28 20:25:24,25,France,"France crashing out, embarrassing",
309,R32-02,2026-06-28 20:26:02,26,France,"France crashing out, embarrassing",
310,R32-02,2026-06-28 20:26:36,26,France,anyone got a stream for France?,
311,R32-02,2026-06-28 20:26:14,26,France,What a goal by France!! unreal,
312,R32-02,2026-06-28 20:27:56,27,France,Cody DeBruyne subbed on for France,
313,R32-02,2026-06-28 20:27:26,27,Saudi Arabia,best team in the tournament Saudi Arabia no doubt,
314,R32-02,2026-06-28 20:27:27,27,Saudi Arabia,Saudi Arabia defense is rock solid,
315,R32-02,2026-06-28 20:27:31,27,France,best team in the tournament France no doubt,
316,R32-02,2026-06-28 20:28:21,28,Saudi Arabia,"send Rasmus AlDawsari home, Saudi Arabia deserved to lose",
317,R32-02,2026-06-28 20:28:43,28,France,"France crashing out, embarrassing",
318,R32-02,2026-06-28 20:28:02,28,Saudi Arabia,halftime and Saudi Arabia still level,
319,R32-02,2026-06-28 20:28:32,28,Saudi Arabia,Cody Musiala carrying Saudi Arabia,
320,R32-02,2026-06-28 20:29:26,29,France,"Bruno Hakimi is on another level, France fans happy",
321,R32-02,2026-06-28 20:29:07,29,Saudi Arabia,Saudi Arabia defense is rock solid,
322,R32-02,2026-06-28 20:29:57,29,Saudi Arabia,Saudi Arabia looking unstoppable today,
323,R32-02,2026-06-28 20:29:31,29,Saudi Arabia,Granit Son carrying Saudi Arabia,
324,R32-02,2026-06-28 20:30:16,30,Saudi Arabia,watching Saudi Arabia with the family,
325,R32-02,2026-06-28 20:30:50,30,France,ref is robbing France smh,
326,R32-02,2026-06-28 20:30:43,30,France,best team in the tournament France no doubt,
327,R32-02,2026-06-28 20:31:05,31,Saudi Arabia,Saudi Arabia lineup just dropped,
328,R32-02,2026-06-28 20:31:36,31,France,anyone got a stream for France?,
329,R32-02,2026-06-28 20:31:31,31,France,"France vs the world, lets see",
330,R32-02,2026-06-28 20:31:15,31,France,"Takefusa Kubo is on another level, France fans happy",
331,R32-02,2026-06-28 20:32:13,32,Saudi Arabia,Leo Modric carrying Saudi Arabia,
332,R32-02,2026-06-28 20:32:44,32,Saudi Arabia,"Saudi Arabia vs the world, lets see",
333,R32-02,2026-06-28 20:32:20,32,Saudi Arabia,"Alphonso Lewandowski missed an open goal, Saudi Arabia in trouble",
334,R32-02,2026-06-28 20:32:21,32,France,watching France with the family,
335,R32-02,2026-06-28 20:33:11,33,Saudi Arabia,"send Moises Hojlund home, Saudi Arabia deserved to lose",
336,R32-02,2026-06-28 20:33:50,33,France,halftime and France still level,
337,R32-02,2026-06-28 20:33:29,33,France,"France vs the world, lets see",
338,R32-02,2026-06-28 20:33:56,33,France,worst performance by France in years,
339,R32-02,2026-06-28 20:34:47,34,France,halftime and France still level,
340,R32-02,2026-06-28 20:34:51,34,Saudi Arabia,watching Saudi Arabia with the family,
341,R32-02,2026-06-28 20:34:44,34,France,Hirving Nunez subbed on for France,
342,R32-02,2026-06-28 20:35:49,35,France,best team in the tournament France no doubt,
343,R32-02,2026-06-28 20:35:39,35,France,France lineup just dropped,
344,R32-02,2026-06-28 20:36:20,36,France,Hirving Lozano carrying France,
345,R32-02,2026-06-28 20:36:38,36,Saudi Arabia,best team in the tournament Saudi Arabia no doubt,
346,R32-02,2026-06-28 20:36:17,36,Saudi Arabia,"Saudi Arabia vs the world, lets see",
347,R32-02,2026-06-28 20:37:59,37,Saudi Arabia,Hirving Junior subbed on for Saudi Arabia,
348,R32-02,2026-06-28 20:37:00,37,Saudi Arabia,"absolute scenes for Saudi Arabia, deserved win",
349,R32-02,2026-06-28 20:37:33,37,Saudi Arabia,Christian Junior subbed on for Saudi Arabia,
350,R32-02,2026-06-28 20:37:14,37,Saudi Arabia,anyone got a stream for Saudi Arabia?,
351,R32-02,2026-06-28 20:38:57,38,France,Granit Xhaka subbed on for France,
352,R32-02,2026-06-28 20:39:28,39,Saudi Arabia,halftime and Saudi Arabia still level,
353,R32-02,2026-06-28 20:39:43,39,Saudi Arabia,worst performance by Saudi Arabia in years,
354,R32-02,2026-06-28 20:40:44,40,France,worst performance by France in years,
355,R32-02,2026-06-28 20:40:49,40,Saudi Arabia,"absolute scenes for Saudi Arabia, deserved win",
356,R32-02,2026-06-28 20:41:19,41,France,ref is robbing France smh,
357,R32-02,2026-06-28 20:41:50,41,France,France lineup just dropped,
358,R32-02,2026-06-28 20:41:25,41,Saudi Arabia,ref is robbing Saudi Arabia smh,
359,R32-02,2026-06-28 20:42:24,42,France,France looking unstoppable today,
360,R32-02,2026-06-28 20:42:16,42,France,halftime and France still level,
361,R32-02,2026-06-28 20:43:06,43,Saudi Arabia,"Saudi Arabia vs the world, lets see",
362,R32-02,2026-06-28 20:44:28,44,France,"Nico AlDawsari is on another level, France fans happy",
363,R32-02,2026-06-28 20:44:04,44,Saudi Arabia,"Pedri Caicedo missed an open goal, Saudi Arabia in trouble",
364,R32-02,2026-06-28 20:44:25,44,Saudi Arabia,anyone got a stream for Saudi Arabia?,
365,R32-02,2026-06-28 20:44:47,44,France,terrible defending from France,
366,R32-02,2026-06-28 20:45:21,45,France,Moises Sarr carrying France,goal
367,R32-02,2026-06-28 20:45:02,45,Saudi Arabia,best team in the tournament Saudi Arabia no doubt,goal
368,R32-02,2026-06-28 20:46:33,46,Saudi Arabia,halftime and Saudi Arabia still level,
369,R32-02,2026-06-28 20:47:00,47,Saudi Arabia,best team in the tournament Saudi Arabia no doubt,
370,R32-02,2026-06-28 20:47:07,47,Saudi Arabia,ref is robbing Saudi Arabia smh,
371,R32-02,2026-06-28 20:48:39,48,Saudi Arabia,best team in the tournament Saudi Arabia no doubt,
372,R32-02,2026-06-28 20:48:51,48,France,worst performance by France in years,
373,R32-02,2026-06-28 20:49:39,49,France,terrible defending from France,
374,R32-02,2026-06-28 20:49:22,49,France,"Victor Lewandowski is on another level, France fans happy",
375,R32-02,2026-06-28 20:49:57,49,France,France lineup just dropped,
376,R32-02,2026-06-28 20:50:38,50,Saudi Arabia,halftime and Saudi Arabia still level,
377,R32-02,2026-06-28 20:50:20,50,France,"Mohammed Pulisic missed an open goal, France in trouble",
378,R32-02,2026-06-28 20:51:38,51,Saudi Arabia,Saudi Arabia are so disappointing,goal
379,R32-02,2026-06-28 20:51:37,51,Saudi Arabia,Mohammed Lopez carrying Saudi Arabia,goal
380,R32-02,2026-06-28 20:51:01,51,Saudi Arabia,"absolute scenes for Saudi Arabia, deserved win",goal
381,R32-02,2026-06-28 20:52:30,52,Saudi Arabia,best team in the tournament Saudi Arabia no doubt,
382,R32-02,2026-06-28 20:52:07,52,Saudi Arabia,Mohammed Xhaka subbed on for Saudi Arabia,
383,R32-02,2026-06-28 20:53:06,53,Saudi Arabia,"Darwin Silva is on another level, Saudi Arabia fans happy",
384,R32-02,2026-06-28 20:53:33,53,France,What a goal by France!! unreal,
385,R32-02,2026-06-28 20:53:02,53,Saudi Arabia,"absolute scenes for Saudi Arabia, deserved win",
386,R32-02,2026-06-28 20:54:52,54,Saudi Arabia,Saudi Arabia looking unstoppable today,
387,R32-02,2026-06-28 20:54:48,54,France,France defense is rock solid,
388,R32-02,2026-06-28 20:54:37,54,France,France looking unstoppable today,
389,R32-02,2026-06-28 20:55:32,55,Saudi Arabia,Akram Davies subbed on for Saudi Arabia,
390,R32-02,2026-06-28 20:55:00,55,Saudi Arabia,ref is robbing Saudi Arabia smh,
391,R32-02,2026-06-28 20:55:53,55,France,Kevin Junior subbed on for France,
392,R32-02,2026-06-28 20:56:22,56,France,terrible defending from France,
393,R32-02,2026-06-28 20:56:00,56,Saudi Arabia,best team in the tournament Saudi Arabia no doubt,
394,R32-02,2026-06-28 20:57:19,57,France,France defense is rock solid,
395,R32-02,2026-06-28 20:57:08,57,France,"Robert Caicedo is on another level, France fans happy",
396,R32-02,2026-06-28 20:58:18,58,France,Jamal Hojlund subbed on for France,
397,R32-02,2026-06-28 20:58:02,58,France,France lineup just dropped,
398,R32-02,2026-06-28 20:58:18,58,Saudi Arabia,"send Heung-min Afif home, Saudi Arabia deserved to lose",
399,R32-02,2026-06-28 20:59:35,59,France,"Cody Musiala is on another level, France fans happy",
400,R32-02,2026-06-28 21:00:53,60,Saudi Arabia,anyone got a stream for Saudi Arabia?,
401,R32-02,2026-06-28 21:01:56,61,France,"send Luka Davies home, France deserved to lose",
402,R32-02,2026-06-28 21:02:59,62,Saudi Arabia,anyone got a stream for Saudi Arabia?,
403,R32-02,2026-06-28 21:03:14,63,France,Pedri Son carrying France,
404,R32-02,2026-06-28 21:03:49,63,France,watching France with the family,
405,R32-02,2026-06-28 21:03:14,63,France,"Ismaila Lopez is on another level, France fans happy",
406,R32-02,2026-06-28 21:04:19,64,Saudi Arabia,"Takefusa DeBruyne missed an open goal, Saudi Arabia in trouble",
407,R32-02,2026-06-28 21:04:34,64,France,anyone got a stream for France?,
408,R32-02,2026-06-28 21:05:26,65,France,France are so disappointing,
409,R32-02,2026-06-28 21:05:25,65,Saudi Arabia,"Saudi Arabia vs the world, lets see",
410,R32-02,2026-06-28 21:05:38,65,Saudi Arabia,watching Saudi Arabia with the family,
411,R32-02,2026-06-28 21:06:04,66,France,anyone got a stream for France?,
412,R32-02,2026-06-28 21:06:44,66,Saudi Arabia,Kylian Lozano subbed on for Saudi Arabia,
413,R32-02,2026-06-28 21:06:54,66,France,France looking unstoppable today,
414,R32-02,2026-06-28 21:07:15,67,Saudi Arabia,Akram Fernandes subbed on for Saudi Arabia,
415,R32-02,2026-06-28 21:08:43,68,Saudi Arabia,"send Marcel Bellingham home, Saudi Arabia deserved to lose",
416,R32-02,2026-06-28 21:09:12,69,France,terrible defending from France,
417,R32-02,2026-06-28 21:09:20,69,Saudi Arabia,"absolute scenes for Saudi Arabia, deserved win",
418,R32-02,2026-06-28 21:10:22,70,Saudi Arabia,"Saudi Arabia crashing out, embarrassing",
419,R32-02,2026-06-28 21:10:57,70,Saudi Arabia,Saudi Arabia defense is rock solid,
420,R32-02,2026-06-28 21:10:00,70,France,France are so disappointing,
421,R32-02,2026-06-28 21:11:23,71,France,Marcel Hakimi subbed on for France,
422,R32-02,2026-06-28 21:11:44,71,Saudi Arabia,"Pedri AlDawsari missed an open goal, Saudi Arabia in trouble",
423,R32-02,2026-06-28 21:11:25,71,France,halftime and France still level,
424,R32-02,2026-06-28 21:11:51,71,Saudi Arabia,"absolute scenes for Saudi Arabia, deserved win",
425,R32-02,2026-06-28 21:12:29,72,France,"France vs the world, lets see",
426,R32-02,2026-06-28 21:12:20,72,Saudi Arabia,Saudi Arabia are so disappointing,
427,R32-02,2026-06-28 21:12:49,72,France,anyone got a stream for France?,
428,R32-02,2026-06-28 21:12:12,72,France,"France crashing out, embarrassing",
429,R32-02,2026-06-28 21:13:24,73,France,ref is robbing France smh,
430,R32-02,2026-06-28 21:13:25,73,Saudi Arabia,terrible defending from Saudi Arabia,
431,R32-02,2026-06-28 21:14:27,74,Saudi Arabia,"Saudi Arabia crashing out, embarrassing",
432,R32-02,2026-06-28 21:14:13,74,France,"Mathew Lewandowski is on another level, France fans happy",
433,R32-02,2026-06-28 21:15:27,75,France,What a goal by France!! unreal,
434,R32-02,2026-06-28 21:15:31,75,Saudi Arabia,Saudi Arabia lineup just dropped,
435,R32-02,2026-06-28 21:15:15,75,France,France are so disappointing,
436,R32-02,2026-06-28 21:16:10,76,France,Alphonso Hakimi carrying France,
437,R32-02,2026-06-28 21:17:01,77,Saudi Arabia,anyone got a stream for Saudi Arabia?,
438,R32-02,2026-06-28 21:18:27,78,France,"absolute scenes for France, deserved win",
439,R32-02,2026-06-28 21:18:53,78,France,ref is robbing France smh,
440,R32-02,2026-06-28 21:19:02,79,Saudi Arabia,Saudi Arabia defense is rock solid,
441,R32-02,2026-06-28 21:19:57,79,France,"France vs the world, lets see",
442,R32-02,2026-06-28 21:19:52,79,France,terrible defending from France,
443,R32-02,2026-06-28 21:19:29,79,Saudi Arabia,halftime and Saudi Arabia still level,
444,R32-02,2026-06-28 21:20:21,80,Saudi Arabia,watching Saudi Arabia with the family,
445,R32-02,2026-06-28 21:21:30,81,Saudi Arabia,best team in the tournament Saudi Arabia no doubt,
446,R32-02,2026-06-28 21:22:28,82,France,France lineup just dropped,
447,R32-02,2026-06-28 21:22:55,82,France,Alphonso Lozano carrying France,
448,R32-02,2026-06-28 21:23:30,83,Saudi Arabia,Mathew Sabitzer subbed on for Saudi Arabia,
449,R32-02,2026-06-28 21:24:12,84,Saudi Arabia,"absolute scenes for Saudi Arabia, deserved win",
450,R32-02,2026-06-28 21:24:54,84,France,watching France with the family,
451,R32-02,2026-06-28 21:24:21,84,Saudi Arabia,Christian Sarr subbed on for Saudi Arabia,
452,R32-02,2026-06-28 21:24:34,84,Saudi Arabia,best team in the tournament Saudi Arabia no doubt,
453,R32-02,2026-06-28 21:25:29,85,Saudi Arabia,ref is robbing Saudi Arabia smh,
454,R32-02,2026-06-28 21:25:59,85,France,"Salem DeBruyne missed an open goal, France in trouble",
455,R32-02,2026-06-28 21:25:18,85,Saudi Arabia,watching Saudi Arabia with the family,
456,R32-02,2026-06-28 21:25:47,85,France,ref is robbing France smh,
457,R32-02,2026-06-28 21:26:05,86,Saudi Arabia,anyone got a stream for Saudi Arabia?,
458,R32-02,2026-06-28 21:26:12,86,France,"France vs the world, lets see",
459,R32-02,2026-06-28 21:26:12,86,Saudi Arabia,Heung-min Ryan carrying Saudi Arabia,
460,R32-02,2026-06-28 21:27:17,87,Saudi Arabia,"Saudi Arabia vs the world, lets see",
461,R32-02,2026-06-28 21:27:58,87,Saudi Arabia,Granit Lewandowski subbed on for Saudi Arabia,
462,R32-02,2026-06-28 21:27:37,87,France,France defense is rock solid,
463,R32-02,2026-06-28 21:28:09,88,Saudi Arabia,Alphonso Silva subbed on for Saudi Arabia,
464,R32-02,2026-06-28 21:28:11,88,Saudi Arabia,halftime and Saudi Arabia still level,
465,R32-02,2026-06-28 21:29:41,89,Saudi Arabia,"Saudi Arabia vs the world, lets see",
466,R32-02,2026-06-28 21:29:49,89,Saudi Arabia,terrible defending from Saudi Arabia,
467,R32-02,2026-06-28 21:30:35,90,France,France are so disappointing,
468,R32-02,2026-06-28 21:30:47,90,Saudi Arabia,Saudi Arabia defense is rock solid,
469,R32-02,2026-06-28 21:30:06,90,France,France lineup just dropped,
470,R32-02,2026-06-28 21:31:05,91,Saudi Arabia,"send Kylian Gakpo home, Saudi Arabia deserved to lose",
471,R32-02,2026-06-28 21:31:14,91,France,"absolute scenes for France, deserved win",
472,R32-02,2026-06-28 21:32:39,92,Saudi Arabia,watching Saudi Arabia with the family,
473,R32-02,2026-06-28 21:33:54,93,Saudi Arabia,ref is robbing Saudi Arabia smh,
474,R32-02,2026-06-28 21:33:56,93,Saudi Arabia,halftime and Saudi Arabia still level,
475,R32-02,2026-06-28 21:33:00,93,Saudi Arabia,terrible defending from Saudi Arabia,
476,R32-02,2026-06-28 21:33:01,93,France,"France crashing out, embarrassing",
477,R32-02,2026-06-28 21:34:33,94,France,France lineup just dropped,
478,R32-02,2026-06-28 21:34:17,94,Saudi Arabia,"Moises Silva missed an open goal, Saudi Arabia in trouble",
479,R32-02,2026-06-28 21:34:11,94,France,"Dusan Davies missed an open goal, France in trouble",
480,R32-02,2026-06-28 21:34:15,94,France,France defense is rock solid,
481,R32-03,2026-06-29 00:00:32,0,Cameroon,best team in the tournament Cameroon no doubt,
482,R32-03,2026-06-29 00:00:59,0,Spain,anyone got a stream for Spain?,
483,R32-03,2026-06-29 00:01:38,1,Cameroon,worst performance by Cameroon in years,
484,R32-03,2026-06-29 00:01:12,1,Spain,"Spain vs the world, lets see",
485,R32-03,2026-06-29 00:02:35,2,Cameroon,"absolute scenes for Cameroon, deserved win",
486,R32-03,2026-06-29 00:02:04,2,Spain,Spain looking unstoppable today,
487,R32-03,2026-06-29 00:03:42,3,Cameroon,Cameroon lineup just dropped,
488,R32-03,2026-06-29 00:03:56,3,Spain,Spain lineup just dropped,
489,R32-03,2026-06-29 00:03:41,3,Spain,"Luka Lozano missed an open goal, Spain in trouble",
490,R32-03,2026-06-29 00:04:54,4,Cameroon,terrible defending from Cameroon,
491,R32-03,2026-06-29 00:05:58,5,Spain,ref is robbing Spain smh,
492,R32-03,2026-06-29 00:06:52,6,Spain,best team in the tournament Spain no doubt,
493,R32-03,2026-06-29 00:07:06,7,Cameroon,anyone got a stream for Cameroon?,
494,R32-03,2026-06-29 00:07:13,7,Spain,What a goal by Spain!! unreal,
495,R32-03,2026-06-29 00:07:32,7,Spain,Bruno Musiala subbed on for Spain,
496,R32-03,2026-06-29 00:08:50,8,Spain,"send Darwin Lewandowski home, Spain deserved to lose",
497,R32-03,2026-06-29 00:09:04,9,Cameroon,Cameroon looking unstoppable today,
498,R32-03,2026-06-29 00:09:38,9,Spain,"absolute scenes for Spain, deserved win",
499,R32-03,2026-06-29 00:09:44,9,Cameroon,best team in the tournament Cameroon no doubt,
500,R32-03,2026-06-29 00:10:15,10,Spain,Heung-min Lopez subbed on for Spain,
501,R32-03,2026-06-29 00:10:05,10,Cameroon,Cameroon lineup just dropped,
502,R32-03,2026-06-29 00:10:02,10,Cameroon,Cameroon defense is rock solid,
503,R32-03,2026-06-29 00:11:00,11,Cameroon,Cameroon defense is rock solid,
504,R32-03,2026-06-29 00:11:46,11,Spain,Spain defense is rock solid,
505,R32-03,2026-06-29 00:11:36,11,Spain,Spain looking unstoppable today,
506,R32-03,2026-06-29 00:12:07,12,Cameroon,Christian Sarr carrying Cameroon,
507,R32-03,2026-06-29 00:12:07,12,Spain,Spain are so disappointing,
508,R32-03,2026-06-29 00:13:22,13,Cameroon,ref is robbing Cameroon smh,
509,R32-03,2026-06-29 00:13:51,13,Cameroon,"send Dusan Lozano home, Cameroon deserved to lose",
510,R32-03,2026-06-29 00:13:51,13,Cameroon,halftime and Cameroon still level,
511,R32-03,2026-06-29 00:14:39,14,Cameroon,halftime and Cameroon still level,
512,R32-03,2026-06-29 00:14:31,14,Spain,"absolute scenes for Spain, deserved win",
513,R32-03,2026-06-29 00:14:17,14,Cameroon,What a goal by Cameroon!! unreal,
514,R32-03,2026-06-29 00:15:37,15,Cameroon,Cameroon defense is rock solid,
515,R32-03,2026-06-29 00:15:57,15,Spain,terrible defending from Spain,
516,R32-03,2026-06-29 00:15:35,15,Spain,"Spain crashing out, embarrassing",
517,R32-03,2026-06-29 00:15:25,15,Spain,halftime and Spain still level,
518,R32-03,2026-06-29 00:16:11,16,Cameroon,halftime and Cameroon still level,
519,R32-03,2026-06-29 00:16:48,16,Cameroon,worst performance by Cameroon in years,
520,R32-03,2026-06-29 00:16:18,16,Spain,"absolute scenes for Spain, deserved win",
521,R32-03,2026-06-29 00:17:02,17,Cameroon,watching Cameroon with the family,
522,R32-03,2026-06-29 00:17:31,17,Cameroon,"absolute scenes for Cameroon, deserved win",
523,R32-03,2026-06-29 00:17:37,17,Spain,anyone got a stream for Spain?,
524,R32-03,2026-06-29 00:18:00,18,Cameroon,terrible defending from Cameroon,
525,R32-03,2026-06-29 00:18:32,18,Cameroon,anyone got a stream for Cameroon?,
526,R32-03,2026-06-29 00:18:03,18,Spain,"Spain vs the world, lets see",
527,R32-03,2026-06-29 00:19:53,19,Spain,Ismaila Sabitzer subbed on for Spain,
528,R32-03,2026-06-29 00:20:42,20,Cameroon,Cameroon looking unstoppable today,
529,R32-03,2026-06-29 00:20:15,20,Cameroon,"Cameroon vs the world, lets see",
530,R32-03,2026-06-29 00:21:45,21,Cameroon,terrible defending from Cameroon,
531,R32-03,2026-06-29 00:21:19,21,Spain,"Heung-min Davies missed an open goal, Spain in trouble",
532,R32-03,2026-06-29 00:21:07,21,Cameroon,halftime and Cameroon still level,
533,R32-03,2026-06-29 00:21:49,21,Spain,Pedri Ryan subbed on for Spain,
534,R32-03,2026-06-29 00:22:05,22,Spain,halftime and Spain still level,
535,R32-03,2026-06-29 00:23:18,23,Spain,Spain lineup just dropped,
536,R32-03,2026-06-29 00:23:28,23,Spain,terrible defending from Spain,
537,R32-03,2026-06-29 00:23:50,23,Spain,anyone got a stream for Spain?,
538,R32-03,2026-06-29 00:24:11,24,Spain,"absolute scenes for Spain, deserved win",
539,R32-03,2026-06-29 00:24:50,24,Spain,Spain are so disappointing,
540,R32-03,2026-06-29 00:25:43,25,Spain,Spain lineup just dropped,
541,R32-03,2026-06-29 00:26:21,26,Spain,"Spain crashing out, embarrassing",
542,R32-03,2026-06-29 00:27:06,27,Cameroon,best team in the tournament Cameroon no doubt,
543,R32-03,2026-06-29 00:28:20,28,Spain,Spain looking unstoppable today,
544,R32-03,2026-06-29 00:28:36,28,Cameroon,Akram Vlahovic subbed on for Cameroon,
545,R32-03,2026-06-29 00:29:56,29,Cameroon,Cameroon are so disappointing,
546,R32-03,2026-06-29 00:29:08,29,Spain,best team in the tournament Spain no doubt,
547,R32-03,2026-06-29 00:29:12,29,Spain,anyone got a stream for Spain?,
548,R32-03,2026-06-29 00:30:07,30,Spain,Pedri Afif carrying Spain,
549,R32-03,2026-06-29 00:30:38,30,Spain,Spain looking unstoppable today,
550,R32-03,2026-06-29 00:30:26,30,Spain,Dusan Lozano subbed on for Spain,
551,R32-03,2026-06-29 00:31:39,31,Spain,Spain looking unstoppable today,
552,R32-03,2026-06-29 00:31:05,31,Cameroon,terrible defending from Cameroon,
553,R32-03,2026-06-29 00:32:11,32,Cameroon,terrible defending from Cameroon,
554,R32-03,2026-06-29 00:32:06,32,Spain,"Spain vs the world, lets see",
555,R32-03,2026-06-29 00:32:04,32,Spain,terrible defending from Spain,
556,R32-03,2026-06-29 00:33:13,33,Spain,ref is robbing Spain smh,
557,R32-03,2026-06-29 00:33:11,33,Cameroon,ref is robbing Cameroon smh,
558,R32-03,2026-06-29 00:33:08,33,Cameroon,What a goal by Cameroon!! unreal,
559,R32-03,2026-06-29 00:33:55,33,Cameroon,"Cameroon crashing out, embarrassing",
560,R32-03,2026-06-29 00:34:33,34,Spain,Andre Ryan subbed on for Spain,
561,R32-03,2026-06-29 00:34:27,34,Cameroon,What a goal by Cameroon!! unreal,
562,R32-03,2026-06-29 00:34:02,34,Spain,Spain lineup just dropped,
563,R32-03,2026-06-29 00:35:52,35,Spain,Spain looking unstoppable today,
564,R32-03,2026-06-29 00:35:10,35,Spain,"Heung-min Caicedo is on another level, Spain fans happy",
565,R32-03,2026-06-29 00:35:17,35,Spain,terrible defending from Spain,
566,R32-03,2026-06-29 00:35:02,35,Cameroon,Takefusa AlDawsari subbed on for Cameroon,
567,R32-03,2026-06-29 00:36:16,36,Cameroon,watching Cameroon with the family,
568,R32-03,2026-06-29 00:36:14,36,Cameroon,Cameroon lineup just dropped,
569,R32-03,2026-06-29 00:36:59,36,Cameroon,worst performance by Cameroon in years,
570,R32-03,2026-06-29 00:37:07,37,Spain,"Spain vs the world, lets see",
571,R32-03,2026-06-29 00:38:21,38,Spain,What a goal by Spain!! unreal,
572,R32-03,2026-06-29 00:39:01,39,Cameroon,"send Kevin Afif home, Cameroon deserved to lose",
573,R32-03,2026-06-29 00:39:45,39,Cameroon,Cameroon lineup just dropped,
574,R32-03,2026-06-29 00:40:29,40,Spain,"Alphonso Modric is on another level, Spain fans happy",
575,R32-03,2026-06-29 00:41:38,41,Spain,"send James Ayew home, Spain deserved to lose",
576,R32-03,2026-06-29 00:42:42,42,Cameroon,ref is robbing Cameroon smh,
577,R32-03,2026-06-29 00:43:54,43,Spain,"Spain vs the world, lets see",goal
578,R32-03,2026-06-29 00:44:57,44,Spain,"Akram Kubo missed an open goal, Spain in trouble",
579,R32-03,2026-06-29 00:44:55,44,Spain,"absolute scenes for Spain, deserved win",
580,R32-03,2026-06-29 00:45:07,45,Cameroon,Cameroon looking unstoppable today,
581,R32-03,2026-06-29 00:45:14,45,Cameroon,best team in the tournament Cameroon no doubt,
582,R32-03,2026-06-29 00:45:56,45,Spain,What a goal by Spain!! unreal,
583,R32-03,2026-06-29 00:46:58,46,Cameroon,best team in the tournament Cameroon no doubt,
584,R32-03,2026-06-29 00:46:30,46,Spain,anyone got a stream for Spain?,
585,R32-03,2026-06-29 00:46:39,46,Spain,Spain defense is rock solid,
586,R32-03,2026-06-29 00:47:21,47,Spain,anyone got a stream for Spain?,
587,R32-03,2026-06-29 00:47:59,47,Spain,"Spain vs the world, lets see",
588,R32-03,2026-06-29 00:47:21,47,Spain,worst performance by Spain in years,
589,R32-03,2026-06-29 00:48:42,48,Spain,ref is robbing Spain smh,
590,R32-03,2026-06-29 00:48:59,48,Cameroon,Cameroon lineup just dropped,
591,R32-03,2026-06-29 00:48:52,48,Cameroon,Cameroon are so disappointing,
592,R32-03,2026-06-29 00:49:13,49,Spain,Robert Musiala carrying Spain,
593,R32-03,2026-06-29 00:49:05,49,Spain,Spain defense is rock solid,
594,R32-03,2026-06-29 00:49:45,49,Spain,Spain looking unstoppable today,
595,R32-03,2026-06-29 00:50:44,50,Spain,halftime and Spain still level,
596,R32-03,2026-06-29 00:50:11,50,Spain,best team in the tournament Spain no doubt,
597,R32-03,2026-06-29 00:51:00,51,Cameroon,watching Cameroon with the family,
598,R32-03,2026-06-29 00:52:18,52,Spain,Spain lineup just dropped,
599,R32-03,2026-06-29 00:53:25,53,Spain,"Takefusa Silva is on another level, Spain fans happy",
600,R32-03,2026-06-29 00:53:39,53,Cameroon,"Jude Xhaka missed an open goal, Cameroon in trouble",
601,R32-03,2026-06-29 00:53:30,53,Cameroon,worst performance by Cameroon in years,
602,R32-03,2026-06-29 00:53:20,53,Cameroon,halftime and Cameroon still level,
603,R32-03,2026-06-29 00:54:42,54,Cameroon,watching Cameroon with the family,
604,R32-03,2026-06-29 00:55:44,55,Cameroon,worst performance by Cameroon in years,
605,R32-03,2026-06-29 00:56:17,56,Spain,anyone got a stream for Spain?,
606,R32-03,2026-06-29 00:57:25,57,Cameroon,halftime and Cameroon still level,
607,R32-03,2026-06-29 00:57:18,57,Cameroon,watching Cameroon with the family,
608,R32-03,2026-06-29 00:57:45,57,Cameroon,"Luka Pulisic is on another level, Cameroon fans happy",
609,R32-03,2026-06-29 00:57:57,57,Cameroon,halftime and Cameroon still level,
610,R32-03,2026-06-29 00:58:46,58,Cameroon,worst performance by Cameroon in years,
611,R32-03,2026-06-29 00:58:05,58,Spain,halftime and Spain still level,
612,R32-03,2026-06-29 00:58:21,58,Cameroon,"Cameroon crashing out, embarrassing",
613,R32-03,2026-06-29 00:59:24,59,Spain,"Spain vs the world, lets see",
614,R32-03,2026-06-29 00:59:34,59,Spain,halftime and Spain still level,
615,R32-03,2026-06-29 00:59:21,59,Cameroon,Cameroon are so disappointing,
616,R32-03,2026-06-29 01:00:26,60,Cameroon,"Jamal Osimhen missed an open goal, Cameroon in trouble",
617,R32-03,2026-06-29 01:01:09,61,Cameroon,Takefusa Osimhen carrying Cameroon,
618,R32-03,2026-06-29 01:01:31,61,Spain,ref is robbing Spain smh,
619,R32-03,2026-06-29 01:02:10,62,Cameroon,Leo Modric subbed on for Cameroon,
620,R32-03,2026-06-29 01:02:27,62,Cameroon,"Mathew Son is on another level, Cameroon fans happy",
621,R32-03,2026-06-29 01:03:59,63,Spain,halftime and Spain still level,
622,R32-03,2026-06-29 01:03:03,63,Cameroon,best team in the tournament Cameroon no doubt,
623,R32-03,2026-06-29 01:03:06,63,Cameroon,terrible defending from Cameroon,
624,R32-03,2026-06-29 01:03:44,63,Spain,watching Spain with the family,
625,R32-03,2026-06-29 01:04:40,64,Cameroon,"Cameroon vs the world, lets see",
626,R32-03,2026-06-29 01:05:25,65,Spain,"Leo Williams missed an open goal, Spain in trouble",goal
627,R32-03,2026-06-29 01:06:54,66,Cameroon,ref is robbing Cameroon smh,
628,R32-03,2026-06-29 01:06:59,66,Cameroon,What a goal by Cameroon!! unreal,
629,R32-03,2026-06-29 01:06:58,66,Cameroon,Dusan Musiala carrying Cameroon,
630,R32-03,2026-06-29 01:07:28,67,Cameroon,worst performance by Cameroon in years,
631,R32-03,2026-06-29 01:08:34,68,Cameroon,Cameroon defense is rock solid,
632,R32-03,2026-06-29 01:09:41,69,Spain,"absolute scenes for Spain, deserved win",
633,R32-03,2026-06-29 01:10:10,70,Cameroon,Cameroon looking unstoppable today,
634,R32-03,2026-06-29 01:10:37,70,Cameroon,"absolute scenes for Cameroon, deserved win",
635,R32-03,2026-06-29 01:10:11,70,Cameroon,best team in the tournament Cameroon no doubt,
636,R32-03,2026-06-29 01:11:06,71,Spain,Spain lineup just dropped,
637,R32-03,2026-06-29 01:12:55,72,Cameroon,Cameroon are so disappointing,
638,R32-03,2026-06-29 01:13:31,73,Spain,"send James Silva home, Spain deserved to lose",
639,R32-03,2026-06-29 01:13:01,73,Cameroon,watching Cameroon with the family,
640,R32-03,2026-06-29 01:13:36,73,Spain,watching Spain with the family,
641,R32-03,2026-06-29 01:14:47,74,Spain,watching Spain with the family,
642,R32-03,2026-06-29 01:14:07,74,Spain,Bruno Xhaka subbed on for Spain,
643,R32-03,2026-06-29 01:15:17,75,Cameroon,best team in the tournament Cameroon no doubt,
644,R32-03,2026-06-29 01:16:25,76,Cameroon,Takefusa Kubo subbed on for Cameroon,
645,R32-03,2026-06-29 01:16:03,76,Cameroon,halftime and Cameroon still level,
646,R32-03,2026-06-29 01:16:25,76,Cameroon,Cameroon lineup just dropped,
647,R32-03,2026-06-29 01:17:53,77,Spain,Spain are so disappointing,
648,R32-03,2026-06-29 01:18:47,78,Cameroon,anyone got a stream for Cameroon?,
649,R32-03,2026-06-29 01:18:12,78,Spain,terrible defending from Spain,
650,R32-03,2026-06-29 01:19:43,79,Cameroon,halftime and Cameroon still level,
651,R32-03,2026-06-29 01:19:34,79,Cameroon,Cameroon defense is rock solid,
652,R32-03,2026-06-29 01:19:39,79,Spain,Spain lineup just dropped,
653,R32-03,2026-06-29 01:20:21,80,Spain,halftime and Spain still level,
654,R32-03,2026-06-29 01:20:18,80,Spain,halftime and Spain still level,
655,R32-03,2026-06-29 01:21:12,81,Spain,"send Hirving Afif home, Spain deserved to lose",
656,R32-03,2026-06-29 01:21:32,81,Cameroon,best team in the tournament Cameroon no doubt,
657,R32-03,2026-06-29 01:21:32,81,Cameroon,halftime and Cameroon still level,
658,R32-03,2026-06-29 01:21:44,81,Spain,"Spain crashing out, embarrassing",
659,R32-03,2026-06-29 01:22:05,82,Cameroon,ref is robbing Cameroon smh,
660,R32-03,2026-06-29 01:22:57,82,Cameroon,anyone got a stream for Cameroon?,
661,R32-03,2026-06-29 01:23:06,83,Cameroon,Heung-min Son subbed on for Cameroon,
662,R32-03,2026-06-29 01:23:42,83,Cameroon,Cameroon looking unstoppable today,
663,R32-03,2026-06-29 01:23:13,83,Cameroon,worst performance by Cameroon in years,
664,R32-03,2026-06-29 01:24:11,84,Spain,watching Spain with the family,
665,R32-03,2026-06-29 01:24:18,84,Spain,What a goal by Spain!! unreal,
666,R32-03,2026-06-29 01:24:29,84,Cameroon,"Akram Davies is on another level, Cameroon fans happy",
667,R32-03,2026-06-29 01:25:46,85,Cameroon,Cameroon defense is rock solid,
668,R32-03,2026-06-29 01:25:05,85,Spain,"absolute scenes for Spain, deserved win",
669,R32-03,2026-06-29 01:25:30,85,Cameroon,watching Cameroon with the family,
670,R32-03,2026-06-29 01:26:52,86,Cameroon,"Kevin Ayew missed an open goal, Cameroon in trouble",
671,R32-03,2026-06-29 01:26:53,86,Cameroon,terrible defending from Cameroon,
672,R32-03,2026-06-29 01:26:25,86,Spain,watching Spain with the family,
673,R32-03,2026-06-29 01:26:57,86,Cameroon,terrible defending from Cameroon,
674,R32-03,2026-06-29 01:27:46,87,Cameroon,"Kylian Hakimi is on another level, Cameroon fans happy",
675,R32-03,2026-06-29 01:27:29,87,Cameroon,"send Victor Musiala home, Cameroon deserved to lose",
676,R32-03,2026-06-29 01:28:17,88,Cameroon,halftime and Cameroon still level,
677,R32-03,2026-06-29 01:28:06,88,Cameroon,terrible defending from Cameroon,
678,R32-03,2026-06-29 01:28:46,88,Cameroon,worst performance by Cameroon in years,
679,R32-03,2026-06-29 01:28:59,88,Cameroon,watching Cameroon with the family,
680,R32-03,2026-06-29 01:29:49,89,Cameroon,"Cameroon crashing out, embarrassing",
681,R32-03,2026-06-29 01:30:31,90,Cameroon,halftime and Cameroon still level,
682,R32-03,2026-06-29 01:30:02,90,Spain,"Spain vs the world, lets see",
683,R32-03,2026-06-29 01:30:12,90,Cameroon,"Cameroon crashing out, embarrassing",
684,R32-03,2026-06-29 01:30:26,90,Cameroon,What a goal by Cameroon!! unreal,
685,R32-03,2026-06-29 01:31:18,91,Spain,watching Spain with the family,
686,R32-03,2026-06-29 01:31:01,91,Cameroon,watching Cameroon with the family,
687,R32-03,2026-06-29 01:32:31,92,Spain,ref is robbing Spain smh,
688,R32-03,2026-06-29 01:32:09,92,Cameroon,anyone got a stream for Cameroon?,
689,R32-03,2026-06-29 01:33:38,93,Spain,ref is robbing Spain smh,
690,R32-03,2026-06-29 01:33:24,93,Cameroon,Cameroon defense is rock solid,
691,R32-03,2026-06-29 01:34:19,94,Cameroon,Pedri Kubo subbed on for Cameroon,
692,R32-03,2026-06-29 01:34:24,94,Spain,worst performance by Spain in years,
693,R32-03,2026-06-29 01:34:49,94,Spain,Spain are so disappointing,
